Titulo Anuncio,Preco,url
iPhone 11,3000,https://go.olx.com.br/grande-goiania-e-anapolis/celulares/iphone-11-1034421973
iPhone 11,2500,https://go.olx.com.br/grande-goiania-e-anapolis/celulares/iphone-11-1034370625
Iphone 11 64GB PRETO,2150,https://go.olx.com.br/grande-goiania-e-anapolis/celulares/iphone-11-64gb-preto-1035994002
Vendo IPhone 11,2000,https://go.olx.com.br/grande-goiania-e-anapolis/celulares/vendo-iphone-11-1038037767
iPhone 11 64 GB,2100,https://go.olx.com.br/grande-goiania-e-anapolis/computadores-e-acessorios/iphone-11-64-gb-1038536632
iPhone 11,2600,https://go.olx.com.br/grande-goiania-e-anapolis/celulares/iphone-11-1038534939
iPhone 11,2550,https://go.olx.com.br/grande-goiania-e-anapolis/celulares/iphone-11-1038531512
Troco IPhone 11 Pro Max em um 12 pro max ou 13 pro max,3000,https://go.olx.com.br/grande-goiania-e-anapolis/celulares/troco-iphone-11-pro-max-em-um-12-pro-max-ou-13-pro-max-1030249296
iPhone 11 128gb red vermelho,2850,https://go.olx.com.br/grande-goiania-e-anapolis/celulares/iphone-11-128gb-red-vermelho-1036802338
Iphone 11, 64GB, semi novo, pouco usado,3000,https://go.olx.com.br/grande-goiania-e-anapolis/celulares/iphone-11-64gb-semi-novo-pouco-usado-1035287758
iPhone 11 128GB,2850,https://go.olx.com.br/grande-goiania-e-anapolis/celulares/iphone-11-128gb-1036656015
iPhone 11 64 gb,3100,https://go.olx.com.br/grande-goiania-e-anapolis/celulares/iphone-11-64-gb-1030396157
iPhone 11 64gb,3100,https://go.olx.com.br/grande-goiania-e-anapolis/celulares/iphone-11-64gb-1031109095
iPhone 11 / 128GB semi-novo,2800,https://go.olx.com.br/grande-goiania-e-anapolis/celulares/iphone-11-128gb-semi-novo-1035224004
Iphone 11 64gb,2900,https://go.olx.com.br/grande-goiania-e-anapolis/celulares/iphone-11-64gb-1026582447
IPHONE 11 64GB,2800,https://go.olx.com.br/grande-goiania-e-anapolis/celulares/iphone-11-64gb-1036659554
iphone 11 seminovo 2600,2600,https://go.olx.com.br/grande-goiania-e-anapolis/celulares/iphone-11-seminovo-2600-1035370850
iPhone 11 128 GB,3200,https://go.olx.com.br/grande-goiania-e-anapolis/celulares/iphone-11-128-gb-1038521366
Iphone 11 128gb preto,2700,https://go.olx.com.br/grande-goiania-e-anapolis/celulares/iphone-11-128gb-preto-1038519453
iPhone 11 64 gigas parelho sem uso novo,3000,https://go.olx.com.br/grande-goiania-e-anapolis/celulares/iphone-11-64-gigas-parelho-sem-uso-novo-1037900700
IPHONE 11,3100,https://go.olx.com.br/grande-goiania-e-anapolis/celulares/iphone-11-1034545463
IPhone 11,2900,https://go.olx.com.br/grande-goiania-e-anapolis/celulares/iphone-11-1030507009
iPhone 11 64gb red/black,2900,https://go.olx.com.br/grande-goiania-e-anapolis/celulares/iphone-11-64gb-red-black-1036027573
iPhone 11 unica dona,2800,https://go.olx.com.br/grande-goiania-e-anapolis/celulares/iphone-11-unica-dona-1031873820
Iphone 11,2900,https://go.olx.com.br/grande-goiania-e-anapolis/celulares/iphone-11-1037750543
iPhone 11 64 GB sem nenhum detalhe,3000,https://go.olx.com.br/grande-goiania-e-anapolis/celulares/iphone-11-64-gb-sem-nenhum-detalhe-1031397012
